{"cameraMode":{"drawMode":0,"name":"Shaded","section":"Shading Mode"},"sceneLighting":false,"audioPlay":false,"sceneViewState":{"m_AlwaysRefresh":false,"showFog":true,"showSkybox":false,"showFlares":true,"showImageEffects":true,"showParticleSystems":true,"showVisualEffectGraphs":true,"m_FxEnabled":true},"in2DMode":false,"pivot":{"x":0.005000054836273193,"y":0.005000054836273193,"z":0.004999995231628418},"rotation":{"x":-0.1456138640642166,"y":0.8490977883338928,"z":-0.30400165915489199,"w":-0.4067096710205078},"size":1.7407112121582032,"orthographic":false}